{"desktop": "Default Desktop", "shell": "Default Shell", "destination": "Unset", "fuel": 100, "current_location": "Nowhere", "circuits": {"Temporal": {"working": true, "health": 100}, "Navigation": {"working": true, "health": 100}, "Energy": {"working": true, "health": 100}, "Chameleon": {"working": true, "health": 100}, "Demat (Dematerialization)": {"working": true, "health": 100}, "Artificial Reconfiguration System": {"working": true, "health": 100}, "Fluid Links": {"working": true, "health": 100}}, "tardis_map": {"Console Room": {"room_name": "Unknown Room", "connected_rooms": {}}}}